GivenName,Surname,EmailAddress
Jorge,Sparks,JorgeKSparks@mailinator.com
Pamela,Oneil,PamelaHOneil@mailinator.com
Nellie,Marburger,NelliePMarburger@mailinator.com
Marie,Lehman,MarieALehman@mailinator.com
Della,Burgess,DellaJBurgess@mailinator.com
Tamara,Romero,TamaraJRomero@mailinator.com
Kenneth,Gann,KennethPGann@mailinator.com
Norman,Walker,NormanMWalker@mailinator.com
Frances,Wright,FrancesRWright@mailinator.com
Ricardo,Alvarez,RicardoVAlvarez@mailinator.com
Floyd,Babin,FloydLBabin@mailinator.com
Earl,Sparks,EarlESparks@mailinator.com
John,Dews,JohnRDews@mailinator.com
Nelson,Wyatt,NelsonMWyatt@mailinator.com
Terry,Wilson,TerryPWilson@mailinator.com
James,Smith,JamesKSmith@mailinator.com
John,Walters,JohnRWalters@mailinator.com
Eugene,Thrush,EugeneMThrush@mailinator.com
Carol,Hicks,CarolJHicks@mailinator.com
Kasey,Tuck,KaseyBTuck@mailinator.com
Luis,Coyne,LuisJCoyne@mailinator.com
Nita,Watson,NitaJWatson@mailinator.com
Gale,McKenney,GaleJMcKenney@mailinator.com
Suzanne,McDowell,SuzanneWMcDowell@mailinator.com
Jannette,Goodwin,JannetteJGoodwin@mailinator.com
Chad,German,ChadAGerman@mailinator.com
Virginia,Horton,VirginiaJHorton@mailinator.com
Ivan,Anstett,IvanSAnstett@mailinator.com
Susan,Topper,SusanSTopper@mailinator.com
Carrie,Medina,CarrieCMedina@mailinator.com
Susie,Perry,SusieLPerry@mailinator.com
Walter,Robertson,WalterVRobertson@mailinator.com
Thomas,McCann,ThomasKMcCann@mailinator.com
Judith,Stephens,JudithCStephens@mailinator.com
Kelvin,Gagne,KelvinTGagne@mailinator.com
James,Johnson,JamesLJohnson@mailinator.com
Andrew,Cornell,AndrewACornell@mailinator.com
Tasha,Olson,TashaDOlson@mailinator.com
Christy,Luce,ChristyCLuce@mailinator.com
Frederick,Radabaugh,FrederickKRadabaugh@mailinator.com
William,Baltz,WilliamMBaltz@mailinator.com
Faye,Johnson,FayeRJohnson@mailinator.com
Walter,McClary,WalterMMcClary@mailinator.com
Foster,Krohn,FosterAKrohn@mailinator.com
Marie,Bennett,MarieDBennett@mailinator.com
Patricia,Garza,PatriciaGGarza@mailinator.com
Katie,Bunting,KatieMBunting@mailinator.com
Jeffrey,Huffman,JeffreyHHuffman@mailinator.com
Molly,Dubose,MollyRDubose@mailinator.com
Israel,Lewis,IsraelPLewis@mailinator.com
Paula,Morgan,PaulaCMorgan@mailinator.com
Erica,Mollett,EricaOMollett@mailinator.com
Jessica,Cuevas,JessicaJCuevas@mailinator.com
Matthew,Ellis,MatthewMEllis@mailinator.com
James,Shields,JamesRShields@mailinator.com
Dorothy,Nottingham,DorothyRNottingham@mailinator.com
Joseph,Castellanos,JosephCCastellanos@mailinator.com
Beverly,Mock,BeverlyJMock@mailinator.com
Ross,Mills,RossAMills@mailinator.com
Douglas,Roberts,DouglasPRoberts@mailinator.com
Aurora,Zook,AuroraDZook@mailinator.com
Collin,Bowen,CollinJBowen@mailinator.com
Irene,Reddington,IreneAReddington@mailinator.com
Rachelle,Huber,RachelleAHuber@mailinator.com
Barbara,Perez,BarbaraWPerez@mailinator.com
Ben,Hamby,BenAHamby@mailinator.com
Anna,Layton,AnnaJLayton@mailinator.com
William,Hicks,WilliamCHicks@mailinator.com
Ruth,Bean,RuthRBean@mailinator.com
Willie,Walker,WillieJWalker@mailinator.com
Martin,Valentine,MartinDValentine@mailinator.com
Edith,Green,EdithOGreen@mailinator.com
Sherry,Martinez,SherryDMartinez@mailinator.com
Clementine,Christensen,ClementineDChristensen@mailinator.com
Larry,Rabon,LarryMRabon@mailinator.com
Grace,Kim,GraceBKim@mailinator.com
Alice,Jensen,AliceJJensen@mailinator.com
Eddie,Cooper,EddieACooper@mailinator.com
Angela,Goddard,AngelaGGoddard@mailinator.com
John,Brackett,JohnMBrackett@mailinator.com
Donna,Knapp,DonnaJKnapp@mailinator.com
Linda,Freeman,LindaCFreeman@mailinator.com
Christine,Taylor,ChristineFTaylor@mailinator.com
Florence,Casper,FlorenceTCasper@mailinator.com
Fernando,Eiler,FernandoHEiler@mailinator.com
Loretta,Perkins,LorettaIPerkins@mailinator.com
May,Cruz,MayECruz@mailinator.com
Muriel,Spigner,MurielJSpigner@mailinator.com
Thomas,Bradford,ThomasGBradford@mailinator.com
Royce,Vazquez,RoyceFVazquez@mailinator.com
Charline,Lee,CharlineBLee@mailinator.com
Sara,Parker,SaraBParker@mailinator.com
Carmen,Maher,CarmenFMaher@mailinator.com
Awilda,Esquibel,AwildaHEsquibel@mailinator.com
Mary,Leon,MaryALeon@mailinator.com
Robert,Fulton,RobertPFulton@mailinator.com
Betty,Ridley,BettyJRidley@mailinator.com
Faye,Maher,FayeKMaher@mailinator.com
Brandy,Frederick,BrandyAFrederick@mailinator.com
Beth,Heywood,BethRHeywood@mailinator.com
Clair,Jones,ClairTJones@mailinator.com
Rosie,Wright,RosieLWright@mailinator.com
Stacy,Morris,StacyRMorris@mailinator.com
Johnny,Rogers,JohnnyJRogers@mailinator.com
Terri,Allen,TerriJAllen@mailinator.com
Richard,Orlando,RichardROrlando@mailinator.com
Timothy,Dingess,TimothyGDingess@mailinator.com
Elaine,Keener,ElaineWKeener@mailinator.com
Kimberly,Wall,KimberlyRWall@mailinator.com
Earl,Walker,EarlMWalker@mailinator.com
Rena,Stevenson,RenaGStevenson@mailinator.com
Leann,Jarvis,LeannTJarvis@mailinator.com
Patricia,Atchison,PatriciaKAtchison@mailinator.com
Jean,Miller,JeanCMiller@mailinator.com
Sharon,Kulas,SharonHKulas@mailinator.com
Sandra,Stewart,SandraEStewart@mailinator.com
Michael,Henderson,MichaelEHenderson@mailinator.com
Marvel,Callahan,MarvelPCallahan@mailinator.com
Rafael,Rencher,RafaelNRencher@mailinator.com
Edgar,Jose,EdgarNJose@mailinator.com
Taina,Dowler,TainaBDowler@mailinator.com
Richard,Bell,RichardMBell@mailinator.com
Audrey,Brown,AudreyDBrown@mailinator.com
Frank,Murphy,FrankLMurphy@mailinator.com
Margaret,Harper,MargaretWHarper@mailinator.com
Leslie,Lansing,LeslieILansing@mailinator.com
Linda,Sacco,LindaWSacco@mailinator.com
Dwight,Ricks,DwightYRicks@mailinator.com
Lawrence,Morrow,LawrenceDMorrow@mailinator.com
Rose,Leonard,RoseLLeonard@mailinator.com
James,Doughty,JamesKDoughty@mailinator.com
Robert,Gonzales,RobertDGonzales@mailinator.com
Tony,Truong,TonyRTruong@mailinator.com
Edward,Keltner,EdwardCKeltner@mailinator.com
Catherine,Officer,CatherineSOfficer@mailinator.com
Terry,Weintraub,TerrySWeintraub@mailinator.com
Betty,Kelley,BettyMKelley@mailinator.com
Matt,Hart,MattPHart@mailinator.com
Lisa,Le,LisaMLe@mailinator.com
Anthony,Dorsey,AnthonyDDorsey@mailinator.com
Michael,Lemaster,MichaelRLemaster@mailinator.com
Kristina,Kennedy,KristinaJKennedy@mailinator.com
Mitsue,Nealy,MitsueGNealy@mailinator.com
Rita,McMahon,RitaJMcMahon@mailinator.com
Juan,Lowrie,JuanMLowrie@mailinator.com
Curtis,Chism,CurtisDChism@mailinator.com
Juan,Farris,JuanMFarris@mailinator.com
Jason,Winkler,JasonCWinkler@mailinator.com
Cheryl,Hobson,CherylJHobson@mailinator.com
Nanette,Cote,NanetteRCote@mailinator.com
Carol,Todd,CarolJTodd@mailinator.com
Derrick,Cowart,DerrickMCowart@mailinator.com
Vicente,Henault,VicenteLHenault@mailinator.com
Lynn,Carlson,LynnACarlson@mailinator.com
Margaret,Harvey,MargaretBHarvey@mailinator.com
Rosalyn,Knox,RosalynDKnox@mailinator.com
Susan,Norris,SusanMNorris@mailinator.com
Chester,Winstead,ChesterMWinstead@mailinator.com
Lori,Nyquist,LoriENyquist@mailinator.com
William,Kozak,WilliamJKozak@mailinator.com
Pearl,Warren,PearlRWarren@mailinator.com
Deborah,Songer,DeborahCSonger@mailinator.com
Elizabeth,Waller,ElizabethDWaller@mailinator.com
Ashley,Croft,AshleyCCroft@mailinator.com
Annette,Harris,AnnetteRHarris@mailinator.com
Mildred,Reyes,MildredBReyes@mailinator.com
Jessie,Stevens,JessieKStevens@mailinator.com
Cody,Burgess,CodyCBurgess@mailinator.com
Kristen,Russo,KristenSRusso@mailinator.com
Vera,Preusser,VeraKPreusser@mailinator.com
Beatrice,Brittain,BeatriceJBrittain@mailinator.com
Emily,Ming,EmilyPMing@mailinator.com
Patricia,Hollins,PatriciaJHollins@mailinator.com
Rufus,Meyers,RufusLMeyers@mailinator.com
Adrienne,Black,AdrienneABlack@mailinator.com
Kathryn,Stover,KathrynSStover@mailinator.com
Cheryl,Re,CherylSRe@mailinator.com
Thomas,Morales,ThomasRMorales@mailinator.com
Clarence,Eckman,ClarenceSEckman@mailinator.com
John,Baxter,JohnMBaxter@mailinator.com
Ashley,Conwell,AshleyNConwell@mailinator.com
Edward,Brooks,EdwardABrooks@mailinator.com
Melvin,Ouellette,MelvinMOuellette@mailinator.com
Adam,Chisolm,AdamGChisolm@mailinator.com
Cornelius,Harris,CorneliusWHarris@mailinator.com
Diann,Tolbert,DiannATolbert@mailinator.com
Cathy,Guerra,CathyVGuerra@mailinator.com
Maria,Cleveland,MariaSCleveland@mailinator.com
Bobby,Baxter,BobbySBaxter@mailinator.com
Richard,Turner,RichardBTurner@mailinator.com
Francis,Vela,FrancisMVela@mailinator.com
Kim,Weber,KimLWeber@mailinator.com
Michael,Craig,MichaelVCraig@mailinator.com
Jacqueline,Cox,JacquelineCCox@mailinator.com
Barbara,McNees,BarbaraRMcNees@mailinator.com
Steve,Bates,SteveEBates@mailinator.com
Christopher,Madison,ChristopherBMadison@mailinator.com
Michael,Olson,MichaelMOlson@mailinator.com
Lori,Harrington,LoriEHarrington@mailinator.com
Kimberly,Cummings,KimberlyRCummings@mailinator.com
Richard,Rolfe,RichardMRolfe@mailinator.com
Samuel,Graham,SamuelCGraham@mailinator.com
Jacqueline,Callaway,JacquelineDCallaway@mailinator.com
Paul,Hanks,PaulRHanks@mailinator.com
Gloria,George,GloriaTGeorge@mailinator.com
Sylvia,Hubbard,SylviaJHubbard@mailinator.com
Robin,Pace,RobinBPace@mailinator.com
Clifford,Sloane,CliffordKSloane@mailinator.com
Melissa,Samuel,MelissaJSamuel@mailinator.com
Eric,Brown,EricJBrown@mailinator.com
Luther,Brown,LutherDBrown@mailinator.com
Jerry,Herrera,JerryJHerrera@mailinator.com
Rosie,Cannon,RosieJCannon@mailinator.com
Julia,Long,JuliaJLong@mailinator.com
John,Romero,JohnARomero@mailinator.com
Kendra,Newman,KendraANewman@mailinator.com
Maye,McKinnon,MayeLMcKinnon@mailinator.com
Susan,Bryant,SusanMBryant@mailinator.com
Carol,Hedgepeth,CarolPHedgepeth@mailinator.com
Bianca,Graybeal,BiancaMGraybeal@mailinator.com
Maria,Chen,MariaEChen@mailinator.com
Andrew,Bryant,AndrewRBryant@mailinator.com
Tammy,Mason,TammySMason@mailinator.com
Ramona,Carr,RamonaACarr@mailinator.com
Erica,Nelson,EricaENelson@mailinator.com
Robert,Gulbranson,RobertCGulbranson@mailinator.com
Sheryl,Chambers,SherylAChambers@mailinator.com
Michael,Allison,MichaelJAllison@mailinator.com
Bruce,Peery,BruceRPeery@mailinator.com
Therese,Firkins,ThereseCFirkins@mailinator.com
Alan,Davis,AlanTDavis@mailinator.com
Christopher,Edmond,ChristopherDEdmond@mailinator.com
Carol,Griffith,CarolDGriffith@mailinator.com
Marco,Street,MarcoMStreet@mailinator.com
Gustavo,Lambert,GustavoTLambert@mailinator.com
Sandra,Byrd,SandraCByrd@mailinator.com
Samuel,Peoples,SamuelLPeoples@mailinator.com
Florence,Dollar,FlorenceDDollar@mailinator.com
Candy,Smith,CandyDSmith@mailinator.com
Roberto,Tyler,RobertoATyler@mailinator.com
Kenneth,Benson,KennethABenson@mailinator.com
Arnold,McHenry,ArnoldGMcHenry@mailinator.com
Isabel,Swartz,IsabelMSwartz@mailinator.com
Thomas,Arnold,ThomasMArnold@mailinator.com
Dawn,Cummings,DawnBCummings@mailinator.com
Sheldon,Rodgers,SheldonCRodgers@mailinator.com
Levi,Rogers,LeviIRogers@mailinator.com
Roger,Cross,RogerICross@mailinator.com
Ann,Greene,AnnSGreene@mailinator.com
Richard,Ruiz,RichardMRuiz@mailinator.com
Yolanda,Eliason,YolandaREliason@mailinator.com
Edward,Tamura,EdwardDTamura@mailinator.com
Liz,Charles,LizSCharles@mailinator.com
Kenneth,Reece,KennethKReece@mailinator.com
Barbara,Edwards,BarbaraMEdwards@mailinator.com
Leroy,Garcia,LeroyEGarcia@mailinator.com
Margaret,Abramson,MargaretNAbramson@mailinator.com
Hedy,Haskins,HedyHHaskins@mailinator.com
Alonzo,Ashton,AlonzoJAshton@mailinator.com
Juanita,Bean,JuanitaJBean@mailinator.com
Rickey,Villegas,RickeyBVillegas@mailinator.com
Johnny,Brindle,JohnnyVBrindle@mailinator.com
Adrian,Mesa,AdrianBMesa@mailinator.com
Kristen,Leach,KristenELeach@mailinator.com
Ben,Bishop,BenBBishop@mailinator.com
Thelma,Rees,ThelmaRRees@mailinator.com
Craig,Tamez,CraigLTamez@mailinator.com
Robert,Dobson,RobertTDobson@mailinator.com
Reginald,Dyson,ReginaldMDyson@mailinator.com
Patricia,Hensley,PatriciaGHensley@mailinator.com
Rosetta,Cobb,RosettaRCobb@mailinator.com
Catharine,Taylor,CatharineRTaylor@mailinator.com
Robert,Cutler,RobertSCutler@mailinator.com
Jon,Mortimer,JonGMortimer@mailinator.com
Neil,Taylor,NeilATaylor@mailinator.com
Joyce,Abdallah,JoyceMAbdallah@mailinator.com
Spencer,Tatum,SpencerVTatum@mailinator.com
Linda,Parks,LindaEParks@mailinator.com
Angelina,Smith,AngelinaLSmith@mailinator.com
Denise,Cabell,DeniseACabell@mailinator.com
Michael,Taylor,MichaelRTaylor@mailinator.com
Glenn,Moon,GlennGMoon@mailinator.com
Matthew,Fisher,MatthewGFisher@mailinator.com
Pete,Ford,PeteSFord@mailinator.com
Patrick,Brown,PatrickJBrown@mailinator.com
Patricia,Oswald,PatriciaROswald@mailinator.com
Stacy,Patten,StacyRPatten@mailinator.com
Scott,Long,ScottRLong@mailinator.com
Pablo,Fitz,PabloMFitz@mailinator.com
Douglas,Gil,DouglasEGil@mailinator.com
Anna,Mrozek,AnnaRMrozek@mailinator.com
Kelly,Bailey,KellyJBailey@mailinator.com
Jamie,Pritchard,JamieAPritchard@mailinator.com
Daniel,Johnson,DanielAJohnson@mailinator.com
Ernest,Parker,ErnestMParker@mailinator.com
Johnny,Wilcox,JohnnySWilcox@mailinator.com
William,Moffatt,WilliamVMoffatt@mailinator.com
Al,Sanchez,AlMSanchez@mailinator.com
Randi,Brown,RandiJBrown@mailinator.com
Luther,Adkins,LutherAAdkins@mailinator.com
